{
  "keywords_hash": "1a269b76898d0aaf15ba6b1bd181bfec",
  "scores": {
    "2604.17391v1": 5.0,
    "2604.17249v1": 26.0,
    "2604.16832v1": 10.0,
    "2604.16699v1": 24.0,
    "2604.15810v1": 10.0,
    "2604.15073v1": 61.0,
    "2604.12342v1": 7.0,
    "2604.10648v1": 10.0,
    "2604.11148v1": 62.0,
    "2604.10494v1": 10.0,
    "2604.09165v1": 5.0,
    "2604.06729v1": 10.0,
    "2604.04293v1": 10.0,
    "2604.03608v1": 10.0,
    "2604.03753v3": 23.0,
    "2604.03396v1": 77.0,
    "2604.03560v1": 50.0,
    "2603.29382v1": 20.0,
    "2603.25904v1": 60.0,
    "2603.26637v1": 34.0,
    "2603.28798v1": 36.0,
    "2603.25403v2": 10.0,
    "2603.21469v1": 14.0,
    "2603.23253v1": 10.0,
    "2603.19811v1": 34.0,
    "2603.21294v1": 32.0,
    "2603.19781v1": 20.0,
    "2603.18939v1": 38.0,
    "2603.18549v1": 43.0,
    "2603.18120v1": 24.0,
    "2603.15320v1": 34.0,
    "2603.11727v1": 18.0,
    "2603.10753v1": 10.0,
    "2603.10608v1": 10.0,
    "2603.02891v3": 20.0,
    "2603.01173v1": 5.0,
    "2602.23587v1": 10.0,
    "2602.21386v1": 30.0,
    "2602.19450v1": 10.0,
    "2602.20285v1": 40.0,
    "2602.17837v1": 10.0,
    "2602.16309v2": 41.0,
    "2602.10790v1": 10.0,
    "2602.02198v1": 10.0,
    "2602.02119v1": 28.0,
    "2602.02614v2": 5.0,
    "2602.01491v1": 18.0,
    "2602.00909v1": 10.0,
    "2601.22804v1": 24.0,
    "2601.20163v1": 30.0,
    "2601.17967v1": 7.0,
    "2601.17661v1": 25.0,
    "2601.16589v1": 65.0,
    "2601.15632v1": 5.0,
    "2601.12032v1": 5.0,
    "2601.11770v1": 50.0,
    "2601.05828v1": 23.0,
    "2601.11368v1": 25.0,
    "2601.04697v1": 10.0,
    "2601.01068v2": 43.0,
    "2601.01054v1": 28.0,
    "2512.23785v1": 52.0,
    "2512.22860v1": 5.0,
    "2512.22307v1": 43.0,
    "2512.21827v1": 10.0,
    "2512.21737v1": 27.0,
    "2601.19912v1": 10.0,
    "2512.21362v1": 25.0,
    "2512.20077v1": 22.0,
    "2512.18132v1": 31.0,
    "2512.15037v1": 8.0,
    "2512.22174v2": 13.0,
    "2512.11107v1": 10.0,
    "2512.10361v3": 8.0,
    "2512.09049v1": 61.0,
    "2512.08172v1": 5.0,
    "2512.07292v1": 20.0,
    "2512.06850v1": 10.0,
    "2512.00635v1": 51.0,
    "2512.00833v2": 69.0,
    "2511.18531v2": 30.0,
    "2511.18412v2": 30.0,
    "2511.12325v1": 14.0,
    "2511.11385v2": 10.0,
    "2511.09131v1": 26.0,
    "2511.05110v2": 38.0,
    "2511.03675v1": 10.0,
    "2512.00028v1": 10.0,
    "2511.02866v1": 10.0,
    "2511.01910v2": 10.0,
    "2510.24976v1": 17.0,
    "2510.24422v1": 46.0,
    "2510.23847v2": 18.0,
    "2510.23034v1": 49.0,
    "2510.22283v1": 44.0,
    "2510.23643v1": 10.0,
    "2510.19145v4": 43.0,
    "2510.18612v1": 52.0,
    "2510.14120v1": 60.0,
    "2510.13111v1": 37.0,
    "2510.04640v1": 23.0,
    "2510.02643v2": 10.0,
    "2510.01445v1": 25.0,
    "2510.02475v1": 40.0,
    "2510.00490v1": 14.0,
    "2509.24929v3": 24.0,
    "2509.21843v1": 10.0,
    "2509.21147v1": 7.0,
    "2509.19959v1": 10.0,
    "2509.18366v1": 18.0,
    "2509.17409v1": 8.0,
    "2509.18341v1": 53.0,
    "2509.13581v2": 10.0,
    "2509.15653v4": 17.0,
    "2509.12879v1": 20.0,
    "2509.12877v1": 10.0,
    "2509.12535v1": 10.0,
    "2509.10819v1": 5.0,
    "2509.07757v2": 7.0,
    "2509.04070v1": 34.0,
    "2509.03879v1": 31.0,
    "2509.02411v1": 7.0,
    "2509.01701v3": 7.0,
    "2508.21606v1": 36.0,
    "2508.17809v1": 55.0,
    "2508.19309v1": 60.0,
    "2508.16405v2": 40.0,
    "2508.16868v1": 42.0,
    "2508.15036v1": 10.0,
    "2508.12347v1": 10.0,
    "2508.10431v3": 10.0,
    "2508.08462v1": 41.0,
    "2508.07510v1": 10.0,
    "2508.06344v1": 31.0,
    "2508.04669v3": 5.0,
    "2508.02438v1": 10.0,
    "2508.03062v1": 37.0,
    "2508.01768v1": 25.0,
    "2507.22306v1": 32.0,
    "2508.02816v1": 43.0,
    "2507.22177v1": 26.0,
    "2507.17385v2": 20.0,
    "2507.18157v1": 5.0,
    "2507.17033v3": 18.0,
    "2507.14213v1": 10.0,
    "2507.14197v1": 7.0,
    "2507.06986v2": 10.0,
    "2507.06112v1": 10.0,
    "2507.05531v1": 30.0,
    "2507.04197v1": 48.0,
    "2507.03236v2": 10.0,
    "2506.17911v1": 10.0,
    "2506.17894v1": 10.0,
    "2506.17795v1": 15.0,
    "2506.15432v1": 20.0,
    "2506.14964v1": 7.0,
    "2506.11176v2": 0.0,
    "2506.08252v1": 40.0,
    "2506.07263v1": 10.0,
    "2506.06597v1": 28.0,
    "2506.06381v2": 5.0,
    "2506.02311v2": 22.0,
    "2505.22605v1": 71.0,
    "2505.17253v1": 77.0,
    "2505.17310v2": 51.0,
    "2505.11058v1": 20.0,
    "2505.04896v1": 36.0,
    "2505.04108v2": 25.0,
    "2505.02725v1": 10.0,
    "2505.02224v1": 8.0,
    "2505.01518v2": 31.0,
    "2505.00817v1": 10.0,
    "2504.20556v4": 24.0,
    "2504.21041v1": 10.0,
    "2504.18628v1": 10.0,
    "2504.19418v1": 45.0,
    "2504.14399v1": 10.0,
    "2504.11633v5": 40.0,
    "2504.11622v1": 10.0,
    "2504.10120v1": 10.0,
    "2504.07018v1": 10.0,
    "2504.02979v1": 20.0,
    "2504.01463v2": 5.0,
    "2503.17847v1": 10.0,
    "2503.16719v2": 10.0,
    "2503.12248v1": 32.0,
    "2503.13116v4": 14.0,
    "2503.08956v1": 20.0,
    "2503.08632v2": 8.0,
    "2503.07464v2": 26.0,
    "2503.03980v2": 8.0,
    "2503.04846v2": 30.0,
    "2503.03877v4": 27.0,
    "2502.17330v1": 23.0,
    "2502.17658v1": 10.0,
    "2502.14116v1": 10.0,
    "2502.13401v2": 10.0,
    "2502.10722v1": 20.0,
    "2502.09864v1": 10.0,
    "2502.03221v1": 35.0,
    "2502.03203v6": 10.0,
    "2502.01240v2": 35.0,
    "2501.17402v1": 54.0,
    "2501.17123v1": 10.0,
    "2501.14512v1": 27.0,
    "2501.13748v1": 20.0,
    "2501.12818v1": 23.0,
    "2501.09334v1": 10.0,
    "2501.07868v1": 25.0,
    "2501.07695v1": 10.0,
    "2501.06367v1": 40.0,
    "2501.04394v1": 89.0,
    "2501.02350v1": 5.0,
    "2501.02118v1": 58.0,
    "2501.00798v2": 18.0,
    "2412.21030v1": 22.0,
    "2412.18534v1": 18.0,
    "2412.10537v4": 7.0,
    "2412.17101v2": 34.0,
    "2412.07192v3": 13.0,
    "2412.10507v1": 10.0,
    "2412.03630v1": 8.0,
    "2412.06726v1": 28.0,
    "2412.02156v1": 18.0,
    "2412.01560v1": 10.0,
    "2411.18191v2": 10.0,
    "2412.01073v1": 5.0,
    "2411.14878v1": 19.0,
    "2411.14025v1": 10.0,
    "2411.14741v2": 31.0,
    "2411.13757v4": 20.0,
    "2411.12721v1": 28.0,
    "2411.10887v1": 15.0,
    "2411.10883v2": 10.0,
    "2411.10174v2": 10.0,
    "2411.07308v1": 54.0,
    "2411.07114v1": 39.0,
    "2411.04365v2": 29.0,
    "2411.03910v1": 38.0,
    "2411.02798v1": 38.0,
    "2410.22425v1": 18.0,
    "2410.20324v1": 10.0,
    "2410.16497v1": 36.0,
    "2410.15742v2": 10.0,
    "2410.13489v2": 10.0,
    "2410.12702v1": 20.0,
    "2410.12190v1": 10.0,
    "2410.02539v1": 25.0,
    "2410.03183v2": 65.0,
    "2410.00452v1": 10.0,
    "2409.19478v1": 10.0,
    "2409.17902v1": 45.0,
    "2409.17723v1": 5.0,
    "2409.16438v3": 5.0,
    "2409.16959v1": 55.0,
    "2409.09928v1": 29.0,
    "2409.11258v1": 10.0,
    "2409.01059v1": 10.0,
    "2409.01881v2": 38.0,
    "2408.17049v1": 7.0,
    "2409.00825v1": 37.0,
    "2408.13602v1": 0.0,
    "2408.16950v2": 30.0,
    "2408.12021v1": 20.0,
    "2408.12690v1": 70.0,
    "2408.08795v2": 10.0,
    "2408.06463v1": 10.0,
    "2408.06296v3": 26.0,
    "2408.04976v1": 65.0,
    "2407.16473v1": 25.0,
    "2407.15984v1": 5.0,
    "2407.13383v1": 27.0,
    "2407.11806v1": 10.0,
    "2407.10841v1": 10.0,
    "2407.06758v1": 46.0,
    "2407.05938v2": 10.0,
    "2407.06751v1": 59.0,
    "2407.04297v1": 1.0,
    "2407.04551v1": 10.0,
    "2407.00630v1": 8.0,
    "2407.02452v5": 26.0,
    "2406.20071v1": 5.0,
    "2406.19975v1": 30.0,
    "2406.10358v1": 5.0,
    "2406.19091v1": 44.0,
    "2406.06943v1": 49.0,
    "2406.04290v2": 10.0,
    "2405.20027v1": 10.0,
    "2405.19099v1": 10.0,
    "2405.15381v1": 23.0,
    "2405.13891v2": 29.0,
    "2405.13147v2": 10.0,
    "2405.13146v1": 63.0,
    "2405.12469v1": 20.0,
    "2405.12322v1": 10.0,
    "2405.12104v1": 5.0,
    "2405.12089v1": 5.0,
    "2405.09902v1": 10.0,
    "2405.05511v1": 11.0,
    "2405.05590v1": 53.0,
    "2405.03217v1": 21.0,
    "2405.05193v1": 36.0,
    "2404.15582v6": 34.0,
    "2604.21188v1": 28.0
  }
}